problem,algo,H,params,mean_best_val_loss,sd_best_val_loss,n,eta,B,sigma,lambda_0,dt0,delta
C1,sgd,1,"(('B', 1), ('eta', 0.03))",0.06629465871286648,0.02796092693684771,10,0.03,1.0,,,,
C1,scg,1,"(('lambda_0', 1e-07), ('sigma', 1e-06))",0.06278691109851678,0.03673183838975189,10,,,1e-06,1e-07,,
C1,leapfrog,1,"(('delta', 0.5), ('dt0', 1.0))",0.05898972358148643,0.040749429861912316,10,,,,,1.0,0.5
C2,sgd,1,"(('B', 1), ('eta', 0.3))",0.07571523099784416,0.029410565579090123,10,0.3,1.0,,,,
C2,scg,1,"(('lambda_0', 1e-06), ('sigma', 1e-06))",0.07904000356269171,0.026331747436401463,10,,,1e-06,1e-06,,
C2,leapfrog,1,"(('delta', 0.1), ('dt0', 0.5))",0.08458414787974249,0.025445545238475743,10,,,,,0.5,0.1
C3,sgd,24,"(('B', 16), ('eta', 0.1))",0.10775316291173329,0.028469627003328557,10,0.1,16.0,,,,
C3,scg,24,"(('lambda_0', 1e-08), ('sigma', 1e-06))",0.11236116989782016,0.030016573374350933,10,,,1e-06,1e-08,,
C3,leapfrog,24,"(('delta', 0.1), ('dt0', 1.0))",0.10896648503868453,0.029514164025989626,10,,,,,1.0,0.1
FA1,sgd,8,"(('B', 1), ('eta', 0.01))",0.0113729398169888,0.0015930308507543479,10,0.01,1.0,,,,
FA1,scg,8,"(('lambda_0', 1e-07), ('sigma', 1e-06))",0.011624383632297248,0.0016341466747961254,10,,,1e-06,1e-07,,
FA1,leapfrog,8,"(('delta', 1.0), ('dt0', 1.0))",0.011111044682026977,0.001392523271371202,10,,,,,1.0,1.0
FA2,sgd,6,"(('B', 1), ('eta', 0.003))",0.04747477350594577,0.006733135304136328,10,0.003,1.0,,,,
FA2,scg,6,"(('lambda_0', 1e-06), ('sigma', 0.0001))",0.04338942002467344,0.006015814822604601,10,,,0.0001,1e-06,,
FA2,leapfrog,6,"(('delta', 0.1), ('dt0', 0.5))",0.04233148963035919,0.005183574513903677,10,,,,,0.5,0.1
FA3,sgd,1,"(('B', 64), ('eta', 0.1))",0.5159503154031595,0.11454732474579085,10,0.1,64.0,,,,
FA3,scg,1,"(('lambda_0', 1e-08), ('sigma', 1e-06))",0.529399719066277,0.11714633833070014,10,,,1e-06,1e-08,,
FA3,leapfrog,1,"(('delta', 1.0), ('dt0', 1.0))",0.5242204315468862,0.11174654284232768,10,,,,,1.0,1.0
