problem,criterion,algo,n_paired,mean,sd,median,average_rank,friedman_statistic,friedman_p,significant,note
C1,test_loss,sgd,30,0.03504983088351786,0.026307311565076184,0.02452563798584075,2.066666666666667,0.2666666666666515,0.875173319042954,False,
C1,test_loss,scg,30,0.03345408112758156,0.02735562603787276,0.024532432965050553,1.9333333333333333,0.2666666666666515,0.875173319042954,False,
C1,test_loss,leapfrog,30,0.05255772759070614,0.10360069914685549,0.023062908928988674,2.0,0.2666666666666515,0.875173319042954,False,
C1,cu_to_target,sgd,30,1575.5999999998317,1286.7974038755972,1054.499999999186,2.0833333333333335,4.729411764705915,0.09397693657959427,False,
C1,cu_to_target,scg,30,1661.7333333333333,1363.869063725879,1799.0,2.183333333333333,4.729411764705915,0.09397693657959427,False,
C1,cu_to_target,leapfrog,30,1380.7,1354.0135014352575,360.0,1.7333333333333334,4.729411764705915,0.09397693657959427,False,
C2,test_loss,sgd,30,0.5256307656329874,0.11516193984992662,0.5106784787776742,2.033333333333333,8.866666666666674,0.01187484082533794,True,
C2,test_loss,scg,30,0.5343329160136144,0.08066377703417599,0.5192773369486547,2.3666666666666667,8.866666666666674,0.01187484082533794,True,
C2,test_loss,leapfrog,30,0.47297072850180094,0.031763796915847006,0.474323264011385,1.6,8.866666666666674,0.01187484082533794,True,
C2,cu_to_target,sgd,30,1326.2999999999888,1493.5342751455346,16.499999999999808,1.55,14.53846153846152,0.0006966476705274512,True,
C2,cu_to_target,scg,30,1515.0666666666666,1510.3479830439928,1527.5,2.15,14.53846153846152,0.0006966476705274512,True,
C2,cu_to_target,leapfrog,30,1516.2,1509.1814040548036,1527.0,2.3,14.53846153846152,0.0006966476705274512,True,
C3,test_loss,sgd,30,0.1430074731768832,0.01903724718565982,0.14330040762520246,1.6,22.19999999999999,1.5112323819855116e-05,True,
C3,test_loss,scg,30,0.1538319718766034,0.022727909595292892,0.15180011851117137,2.7,22.19999999999999,1.5112323819855116e-05,True,
C3,test_loss,leapfrog,30,0.14385034493148774,0.020201822167718823,0.14052407572408904,1.7,22.19999999999999,1.5112323819855116e-05,True,
C3,cu_to_target,sgd,30,843.7999999999995,1322.668368788301,73.49999999999909,1.3166666666666667,30.808988764044972,2.0413294135861955e-07,True,
C3,cu_to_target,scg,30,1536.0333333333333,1489.0342503953946,1554.0,2.1666666666666665,30.808988764044972,2.0413294135861955e-07,True,
C3,cu_to_target,leapfrog,30,1187.9,1303.4606815227921,301.5,2.5166666666666666,30.808988764044972,2.0413294135861955e-07,True,
FA1,test_loss,sgd,30,0.012106351625595384,0.0007225858717189803,0.012002164244026722,2.3333333333333335,24.26666666666665,5.377250718166969e-06,True,
FA1,test_loss,scg,30,0.011567762414561275,0.0005930293159027227,0.011581437850383215,1.2666666666666666,24.26666666666665,5.377250718166969e-06,True,
FA1,test_loss,leapfrog,30,0.01204318129255716,0.0006939674975112259,0.011906914425049585,2.4,24.26666666666665,5.377250718166969e-06,True,
FA1,cu_to_target,sgd,30,2067.6999999998643,974.4903230182322,2244.000000004016,2.1166666666666667,4.567567567567561,0.10189791667270705,False,
FA1,cu_to_target,scg,30,2107.266666666667,957.1459706833657,2627.0,2.1333333333333333,4.567567567567561,0.10189791667270705,False,
FA1,cu_to_target,leapfrog,30,1743.4,1099.0957600023632,1191.0,1.75,4.567567567567561,0.10189791667270705,False,
FA2,test_loss,sgd,30,0.053484046637048546,0.011343149924962426,0.05140522407427932,2.933333333333333,39.80000000000001,2.277927041205355e-09,True,
FA2,test_loss,scg,30,0.044812761541504674,0.0028799130960952546,0.04391629720431588,1.4333333333333333,39.80000000000001,2.277927041205355e-09,True,
FA2,test_loss,leapfrog,30,0.04496453737496087,0.002918293042985363,0.04433696798009864,1.6333333333333333,39.80000000000001,2.277927041205355e-09,True,
FA2,cu_to_target,sgd,30,1886.300000001092,1182.597875223342,2466.0000000094806,2.3833333333333333,9.787610619468998,0.007492855520358869,True,
FA2,cu_to_target,scg,30,1268.4,811.5383688636853,1086.5,2.0166666666666666,9.787610619468998,0.007492855520358869,True,
FA2,cu_to_target,leapfrog,30,1053.3,883.0206445042436,688.5,1.6,9.787610619468998,0.007492855520358869,True,
FA3,test_loss,sgd,30,0.3707788778537691,0.024289453875533877,0.3660508316366217,2.3333333333333335,10.399999999999977,0.005516564420760836,True,
FA3,test_loss,scg,30,0.3508197285973779,0.03030004813713104,0.3423114218700791,1.5333333333333334,10.399999999999977,0.005516564420760836,True,
FA3,test_loss,leapfrog,30,0.36735534767125605,0.03743143031873116,0.3627960844014184,2.1333333333333333,10.399999999999977,0.005516564420760836,True,
FA3,cu_to_target,sgd,30,1212.3000000000015,1411.3376670183598,120.00000000000051,1.5833333333333333,13.306666666666661,0.0012897158794781907,True,
FA3,cu_to_target,scg,30,1525.5333333333333,1499.8896679729326,1580.0,2.3,13.306666666666661,0.0012897158794781907,True,
FA3,cu_to_target,leapfrog,30,1380.6,1445.8403975447684,339.0,2.1166666666666667,13.306666666666661,0.0012897158794781907,True,
