problem,criterion,algo_a,algo_b,n_paired,raw_p,adjusted_p,significant,note
C1,cu_to_target,sgd,scg,30,0.0015918239652689542,0.0015918239652689542,True,
C1,cu_to_target,sgd,leapfrog,30,8.844915021211901e-05,0.00026534745063635704,True,
C1,cu_to_target,scg,leapfrog,30,0.00010334649564653764,0.00026534745063635704,True,
C2,test_loss,sgd,scg,30,0.00046010687947273254,0.0009202137589454651,True,
C2,test_loss,sgd,leapfrog,30,4.968419671058655e-05,0.00014905259013175964,True,
C2,test_loss,scg,leapfrog,30,0.06989291124045849,0.06989291124045849,False,
C2,cu_to_target,sgd,scg,30,0.4077418149342378,0.8154836298684756,False,
C2,cu_to_target,sgd,leapfrog,30,0.935845552197485,0.935845552197485,False,
C2,cu_to_target,scg,leapfrog,30,0.0006998477668959969,0.0020995433006879907,True,
C3,test_loss,sgd,scg,30,9.220093488693237e-06,2.7660280466079712e-05,True,
C3,test_loss,sgd,leapfrog,30,0.370740607380867,0.370740607380867,False,
C3,test_loss,scg,leapfrog,30,5.5925920605659485e-05,0.00011185184121131897,True,
C3,cu_to_target,sgd,scg,30,0.0003314659304388982,0.0006629318608777964,True,
C3,cu_to_target,sgd,leapfrog,30,4.009964816469138e-05,0.00012029894449407413,True,
C3,cu_to_target,scg,leapfrog,30,0.7150830245723969,0.7150830245723969,False,
FA1,test_loss,sgd,scg,30,2.366676926612854e-05,6.23948872089386e-05,True,
FA1,test_loss,sgd,leapfrog,30,0.9676735773682594,0.9676735773682594,False,
FA1,test_loss,scg,leapfrog,30,2.0798295736312866e-05,6.23948872089386e-05,True,
FA2,test_loss,sgd,scg,30,3.725290298461914e-09,1.1175870895385742e-08,True,
FA2,test_loss,sgd,leapfrog,30,1.862645149230957e-08,3.725290298461914e-08,True,
FA2,test_loss,scg,leapfrog,30,0.39305018074810505,0.39305018074810505,False,
FA2,cu_to_target,sgd,scg,30,0.003308556401969187,0.006617112803938374,True,
FA2,cu_to_target,sgd,leapfrog,30,0.0007696087511211269,0.0023088262533633806,True,
FA2,cu_to_target,scg,leapfrog,30,0.018970134910080236,0.018970134910080236,True,
FA3,test_loss,sgd,scg,30,0.0021877754479646683,0.006563326343894005,True,
FA3,test_loss,sgd,leapfrog,30,0.46454504504799843,0.46454504504799843,False,
FA3,test_loss,scg,leapfrog,30,0.017453668639063835,0.03490733727812767,True,
FA3,cu_to_target,sgd,scg,30,0.0014755269125835014,0.004426580737750504,True,
FA3,cu_to_target,sgd,leapfrog,30,0.10235848911704382,0.20471697823408763,False,
FA3,cu_to_target,scg,leapfrog,30,0.9038688939507324,0.9038688939507324,False,
