problem,algo,n,mean_test_loss,sd_test_loss,median_test_loss,mean_cu_to_target,sd_cu_to_target,median_cu_to_target,success_rate,rho_mean,cu_at_best_mean,wall_seconds_mean,diverged_runs,test_accuracy_mean,test_macro_f1_mean,test_r2_mean
C1,leapfrog,30,0.052557727590706156,0.10360069914685548,0.023062908928988674,1380.7,1354.0135014352575,360.0,0.6,2.678777811237424,798.6,0.25650312326809704,0,0.989,0.988992952731749,
C1,scg,30,0.03345408112758156,0.02735562603787276,0.024532432965050553,1661.7333333333333,1363.869063725879,1799.0,0.5,3.2150776744292613,710.2,0.2817550692003958,0,0.991,0.9909970297511482,
C1,sgd,30,0.03504983088351786,0.02630731156507619,0.02452563798584075,1575.5999999998314,1286.7974038755974,1054.499999999186,0.5666666666666667,1.8852714623296314,1320.1000000018935,20.438976994100084,0,0.9866666666666667,0.9866601216930287,
C2,leapfrog,30,0.47297072850180083,0.031763796915847006,0.474323264011385,1516.2,1509.1814040548034,1527.0,0.5,1.6463446202023715,52.3,0.04105944853266313,0,0.780952380952381,0.7804537995828552,
C2,scg,30,0.5343329160136144,0.08066377703417599,0.5192773369486547,1515.0666666666666,1510.3479830439928,1527.5,0.5,1.6589435618272406,37.333333333333336,0.1275818297993586,0,0.7714285714285715,0.7705417421435181,
C2,sgd,30,0.5256307656329874,0.11516193984992663,0.5106784787776742,1326.2999999999888,1493.5342751455346,16.499999999999808,0.5666666666666667,1.8838022594769617,114.99999999993848,9.447355511068599,0,0.796031746031746,0.794741194513445,
C3,leapfrog,30,0.14385034493148774,0.02020182216771882,0.14052407572408904,1187.9,1303.4606815227921,301.5,0.6666666666666666,22.01140191243986,363.9,0.233864327899452,0,0.9630555555555556,0.9629493625705093,
C3,scg,30,0.15383197187660344,0.02272790959529289,0.15180011851117137,1536.0333333333333,1489.0342503953946,1554.0,0.5,81.915570314321,107.33333333333333,0.21943000749937103,0,0.9612962962962963,0.9611587065449831,
C3,sgd,30,0.14300747317688323,0.01903724718565982,0.14330040762520246,843.7999999999995,1322.6683687883008,73.49999999999909,0.7333333333333333,24.766009148627866,336.9000000001346,5.4870357287344325,0,0.9638888888888889,0.96377963501889,
FA1,leapfrog,30,0.012043181292557159,0.0006939674975112262,0.011906914425049585,1743.4,1099.0957600023632,1191.0,0.6,1.0240842339900218,1970.0,0.07244464719988172,0,,,0.9864993079479533
FA1,scg,30,0.011567762414561273,0.0005930293159027232,0.011581437850383215,2107.266666666667,957.1459706833657,2627.0,0.5,1.084662040573799,2041.0666666666666,0.04700397966565409,0,,,0.9870355793748029
FA1,sgd,30,0.012106351625595386,0.0007225858717189801,0.012002164244026722,2067.6999999998643,974.4903230182322,2244.000000004016,0.5333333333333333,1.001971624490282,2460.5000000096534,5.982060593299684,0,,,0.9864287023913195
FA2,leapfrog,30,0.04496453737496087,0.0029182930429853637,0.04433696798009864,1053.3,883.0206445042435,688.5,0.8666666666666667,1.2898634305063097,2315.3,0.07315652953111566,0,,,0.9554100412946805
FA2,scg,30,0.04481276154150468,0.0028799130960952555,0.04391629720431588,1268.4,811.5383688636854,1086.5,0.9333333333333333,1.3091244148356418,2626.3,0.06627334723549817,0,,,0.9555732170985712
FA2,sgd,30,0.05348404663704855,0.011343149924962426,0.05140522407427932,1886.3000000010923,1182.597875223342,2466.0000000094806,0.5,1.1719032411819763,1698.9000000153637,11.46857505786805,0,,,0.9469566239235664
FA3,leapfrog,30,0.367355347671256,0.03743143031873116,0.3627960844014184,1380.6,1445.8403975447682,339.0,0.5666666666666667,1.0097898784272532,959.5,0.03930462846716788,0,,,0.6128977065726242
FA3,scg,30,0.3508197285973779,0.030300048137131035,0.3423114218700791,1525.5333333333333,1499.8896679729328,1580.0,0.5,1.062066741925245,170.4,0.0315825141670454,0,,,0.6304746571352738
FA3,sgd,30,0.3707788778537692,0.02428945387553387,0.3660508316366217,1212.3000000000015,1411.33766701836,120.00000000000051,0.6333333333333333,0.9682601061275578,1129.8999999999885,0.12577554200058028,0,,,0.6095582038318619
