problem,algo,rank,critical_difference,friedman_statistic,friedman_p
C1,sgd,2.0,,,
C1,scg,1.0,,,
C1,leapfrog,3.0,,,
C2,sgd,2.0,,,
C2,scg,3.0,,,
C2,leapfrog,1.0,,,
C3,sgd,1.0,,,
C3,scg,3.0,,,
C3,leapfrog,2.0,,,
FA1,sgd,3.0,,,
FA1,scg,1.0,,,
FA1,leapfrog,2.0,,,
FA2,sgd,3.0,,,
FA2,scg,1.0,,,
FA2,leapfrog,2.0,,,
FA3,sgd,3.0,,,
FA3,scg,1.0,,,
FA3,leapfrog,2.0,,,
Average,sgd,2.3333333333333335,1.352731680711293,1.3333333333333286,0.5134171190325936
Average,scg,1.6666666666666667,1.352731680711293,1.3333333333333286,0.5134171190325936
Average,leapfrog,2.0,1.352731680711293,1.3333333333333286,0.5134171190325936
