setting,value
mode,"""full"""
base_seed,441
data_seed,441
code_version,"""ass3-v2"""
budget_cu,3000
hidden_unit_grid,"[1, 2, 3, 4, 6, 8, 12, 16, 24, 32, 48, 64]"
tuning_seeds,"[0, 1, 2, 3, 4, 5, 6, 7, 8, 9]"
final_seeds,"[1000, 1001, 1002, 1003, 1004, 1005, 1006, 1007, 1008, 1009, 1010, 1011, 1012, 1013, 1014, 1015, 1016, 1017, 1018, 1019, 1020, 1021, 1022, 1023, 1024, 1025, 1026, 1027, 1028, 1029]"
sgd_grid,"[[0.003, 1], [0.003, 16], [0.003, 64], [0.01, 1], [0.01, 16], [0.01, 64], [0.03, 1], [0.03, 16], [0.03, 64], [0.1, 1], [0.1, 16], [0.1, 64], [0.3, 1], [0.3, 16], [0.3, 64]]"
scg_grid,"[[1e-06, 1e-08], [1e-06, 1e-07], [1e-06, 1e-06], [1e-05, 1e-08], [1e-05, 1e-07], [1e-05, 1e-06], [0.0001, 1e-08], [0.0001, 1e-07], [0.0001, 1e-06]]"
leapfrog_grid,"[[0.1, 0.1], [0.1, 0.5], [0.1, 1.0], [0.1, 5.0], [0.5, 0.1], [0.5, 0.5], [0.5, 1.0], [0.5, 5.0], [1.0, 0.1], [1.0, 0.5], [1.0, 1.0], [1.0, 5.0]]"
