problem,H,mean_best_val_loss,sd_best_val_loss,n,se_best_val_loss
C1,1,0.6095428343964167,0.02354124812790645,10,0.007444396304735925
C1,2,0.494106228206577,0.040297039183906584,10,0.012743042678219761
C1,3,0.04751825830422095,0.028981517577423663,10,0.009164760559286405
C1,4,0.04890032488415792,0.02461160357863301,10,0.007782872417763129
C1,6,0.03568250962332246,0.02418272431856283,10,0.007647248887460183
C1,8,0.03719756500086791,0.019824942442330358,10,0.006269197259950524
C1,12,0.035589869404016754,0.02425378630000507,10,0.007669720659100392
C1,16,0.034216007188910616,0.022530260190025415,10,0.007124693847669835
C1,24,0.03658475276408303,0.025845733601997718,10,0.00817313859802606
C1,32,0.029040638874796153,0.021994067424350994,10,0.006955134807226223
C1,48,0.03239441475533066,0.021214274946103447,10,0.006708542773873268
C1,64,0.029094998740193157,0.025887083512424997,10,0.008186214587825475
C2,1,0.42730258623074047,0.09696368310023462,10,0.030662608891551816
C2,2,0.4278044360925383,0.11922977040464511,10,0.03770376393776142
C2,3,0.4342527477706867,0.09384502254148515,10,0.029676401830093645
C2,4,0.4126866778557109,0.09125144994025447,10,0.02885624216040399
C2,6,0.42547118216785745,0.13693581844782496,10,0.04330290795544299
C2,8,0.4204843805271617,0.0911648937868831,10,0.02882887070138835
C2,12,0.41492547395572166,0.09000880765059936,10,0.028463284165188306
C2,16,0.39381321115712875,0.10207340943449254,10,0.032278446235191605
C2,24,0.4082431718183203,0.09877801620401065,10,0.031236351395769305
C2,32,0.4274064112457275,0.09116330735648459,10,0.028828369028047487
C2,48,0.40963417446856465,0.09916557910394161,10,0.03135890954580548
C2,64,0.41442436291777335,0.10848477687617213,10,0.034305898638387025
C3,1,1.5537724782482953,0.13941204991023662,10,0.044085961098942035
C3,2,0.9171806507277738,0.15064019097536632,10,0.04763661106448992
C3,3,0.7542071299431014,0.17526159196335916,10,0.05542258169512766
C3,4,0.5945694610073794,0.10285255631173781,10,0.03252483411158187
C3,6,0.32900410260126417,0.08154016038645193,10,0.025785262759662357
C3,8,0.2268727838738212,0.05469012234803505,10,0.017294535213306667
C3,12,0.15388058748210248,0.04781492601338441,10,0.015120407235472942
C3,16,0.12697037604020592,0.045959123096722634,10,0.014533550824969457
C3,24,0.11236268289165001,0.03001852668816922,10,0.00949269163371658
C3,32,0.1122121097981171,0.043367771976512655,10,0.013714093649260224
C3,48,0.10244524128867345,0.04407131094629019,10,0.013936572205978761
C3,64,0.10389990711970312,0.03629897654094615,10,0.011478744260241008
FA1,1,0.4586111859536822,0.04025029794222497,10,0.01272826179978193
FA1,2,0.24393925015838364,0.03015213284858201,10,0.009534941611350004
FA1,3,0.045057153401337646,0.03696863698025673,10,0.011690509484954046
FA1,4,0.027326608512874145,0.031114878170890096,10,0.00983938841386665
FA1,6,0.01240933566405562,0.0017272335506920448,10,0.0005461992071246761
FA1,8,0.011670238914823146,0.0015635222592879081,10,0.0004944291511722144
FA1,12,0.011361443633216003,0.0014966567186834297,10,0.000473284410643352
FA1,16,0.011559237251573215,0.0015250778979832636,10,0.0004822719766809025
FA1,24,0.011582581591840193,0.0015963250522322307,10,0.0005048023051041104
FA1,32,0.01150788944642348,0.0013776171807516238,10,0.0004356408034955004
FA1,48,0.011356246162235328,0.0014389411637351144,10,0.0004550331496376242
FA1,64,0.011372019105659482,0.0013950654285124135,10,0.00044115842390580323
FA2,1,0.24462344059722554,0.029750249678803527,10,0.00940785499437119
FA2,2,0.18758605319360072,0.017458864343029942,10,0.005520977668387387
FA2,3,0.1228982255713212,0.016448550496493804,10,0.005201488377721386
FA2,4,0.08754575499346828,0.03267034638501544,10,0.01033127065232971
FA2,6,0.04338942002467344,0.006015814822604601,10,0.0019023676821232332
FA2,8,0.044833055034531846,0.0033258178626210497,10,0.0010517159528755492
FA2,12,0.0503154537474099,0.005464727638705672,10,0.0017280986130783643
FA2,16,0.054323277970502,0.0040011154618805455,10,0.0012652638040859135
FA2,24,0.05780352480643018,0.007671317721813515,10,0.0024258836655744664
FA2,32,0.059839139935107574,0.006383198658155194,10,0.0020185446517100945
FA2,48,0.061571945966184,0.0080053158021579,10,0.0025315031323756834
FA2,64,0.061463252758392796,0.008321320209263926,10,0.0026314325000862974
FA3,1,0.5296673556273719,0.11776081841615217,10,0.0372392405320543
FA3,2,0.5308155588579965,0.10717916671717558,10,0.03389302845451866
FA3,3,0.53071391353038,0.10477194497885695,10,0.03313179810190299
FA3,4,0.5242434854298048,0.10702961045539822,10,0.033845734611962976
FA3,6,0.527186619633553,0.12051585636715723,10,0.03811046002859224
FA3,8,0.5155131508980032,0.1082419322087107,10,0.034229104411706596
FA3,12,0.5274520990667523,0.10932363090402078,10,0.03457116757362783
FA3,16,0.5236945085773133,0.10510938406601542,10,0.03323850571060188
FA3,24,0.5310700423830857,0.10938949845596276,10,0.03459199672243144
FA3,32,0.532539807028236,0.1069293604082382,10,0.03381403276350648
FA3,48,0.5305523312981666,0.10249737364735914,10,0.03241251549109749
FA3,64,0.524222843853277,0.10284656954701027,10,0.03252294093034641
