filename,size_bytes,kind
ass3_environment_full.csv,197,csv
ass3_experiment_settings_full.csv,907,csv
ass3_problems_full.csv,776,csv
ass3_sanity_checks_full.csv,477,csv
ass3_hidden_units_full.csv,5109,csv
ass3_selected_hidden_units_full.csv,330,csv
ass3_tuning_full.csv,22077,csv
ass3_selected_parameters_full.csv,1947,csv
ass3_final_runs_full.csv,177720,csv
ass3_final_summary_full.csv,3985,csv
ass3_stats_friedman_full.csv,4936,csv
ass3_stats_posthoc_full.csv,2409,csv
ass3_avg_ranks_full.csv,538,csv
ass3_fig_hidden_units_full.pdf,24061,pdf
ass3_fig_hidden_units_full.png,196747,png
ass3_fig_tuning_sgd_full.pdf,29908,pdf
ass3_fig_tuning_sgd_full.png,103776,png
ass3_fig_tuning_scg_full.pdf,31062,pdf
ass3_fig_tuning_scg_full.png,149111,png
ass3_fig_tuning_leapfrog_full.pdf,30258,pdf
ass3_fig_tuning_leapfrog_full.png,115962,png
ass3_fig_convergence_train_full.pdf,58404,pdf
ass3_fig_convergence_train_full.png,364319,png
ass3_fig_convergence_val_full.pdf,58974,pdf
ass3_fig_convergence_val_full.png,459719,png
ass3_fig_test_boxplots_full.pdf,22105,pdf
ass3_fig_test_boxplots_full.png,131388,png
ass3_fig_fa1_fits_full.pdf,29842,pdf
ass3_fig_fa1_fits_full.png,128051,png
ass3_fig_avg_ranks_full.pdf,16031,pdf
ass3_fig_avg_ranks_full.png,41259,png
